﻿<component name="ProjectRunConfigurationManager">
  <configuration default="false" name="FirstOopCs" type="DotNetProject" factoryName=".NET Project">
    <option name="EXE_PATH" value="$PROJECT_DIR$/bin/Debug/FirstOopCs.exe" />
    <option name="PROGRAM_PARAMETERS" value="" />
    <option name="WORKING_DIRECTORY" value="$PROJECT_DIR$/bin/Debug" />
    <option name="PASS_PARENT_ENVS" value="1" />
    <option name="USE_EXTERNAL_CONSOLE" value="1" />
    <option name="USE_MONO" value="0" />
    <option name="RUNTIME_ARGUMENTS" value="" />
    <option name="PROJECT_PATH" value="$PROJECT_DIR$/FirstOopCs.csproj" />
    <option name="PROJECT_EXE_PATH_TRACKING" value="1" />
    <option name="PROJECT_ARGUMENTS_TRACKING" value="1" />
    <option name="PROJECT_WORKING_DIRECTORY_TRACKING" value="1" />
    <option name="PROJECT_KIND" value="Console" />
    <option name="PROJECT_TFM" value=".NETFramework,Version=v4.8" />
    <method v="2">
      <option name="Build" />
    </method>
  </configuration>
</component>